Video_ID,Title,Upload_Date,Duration,Views,Likes,Dislikes,Comments,Tags,Category,Subscribers_Gained
VID001,Daughter cut deal address.,2025-03-21 20:00:21,2996,30122,1521,71,1439,"tutorial,study,funny",Entertainment,52
VID002,Pattern fall garden leg.,2025-02-18 08:16:55,290,22336,1840,39,1003,"javascript,vlog,coding,tutorial,motivation",Gaming,98
VID003,Offer same.,2025-02-12 04:51:13,2070,23973,770,58,1188,"tutorial,react,vlog",Vlogs,74
VID004,Create first service.,2025-02-14 09:04:08,1586,3128,260,6,54,"tutorial,javascript,review,react",Vlogs,77
VID005,Against agency around.,2025-02-16 01:19:07,3511,43460,2369,150,636,"coding,tutorial,motivation,review",Lifestyle,87
VID006,Same month same data.,2025-03-31 05:31:09,2824,43172,2944,184,1718,"study,productivity",Gaming,74
VID007,People gun.,2025-03-08 13:32:12,384,39044,2870,154,1178,"review,tutorial,vlog,study",Tech,57
VID008,Here board national unit.,2025-01-31 04:37:41,858,37433,2717,45,987,"travel,coding,motivation,review,productivity",Gaming,34
VID009,Arm step other.,2025-03-30 18:58:19,1617,45811,2967,231,969,"travel,study,funny,python",Education,99
VID010,Forget product no.,2025-03-26 16:45:00,280,45153,3081,230,2252,"funny,javascript,coding,react",Lifestyle,84
VID011,Loss want like project.,2025-03-03 16:13:57,2093,3428,127,11,130,"productivity,tutorial,travel",Education,15
VID012,Church seek speak.,2025-03-29 13:30:09,206,6705,605,46,276,"travel,productivity,react,motivation,coding",Tech,69
VID013,Must management.,2025-03-21 18:29:14,2791,19320,1380,104,871,"coding,react",Education,73
VID014,Tough choose occur field support.,2025-02-23 04:25:49,3406,46201,2699,156,1578,"motivation,productivity,tutorial,react,javascript",Lifestyle,54
VID015,Success hope available.,2025-02-26 03:34:46,1937,38511,2447,138,1647,"tutorial,productivity,review,vlog,study",Vlogs,79
VID016,Prepare receive between.,2025-02-18 20:33:27,1720,17711,562,7,554,"vlog,python,productivity,motivation",Gaming,43
VID017,Experience word.,2025-04-08 14:16:03,1251,19221,668,45,310,"python,tutorial,javascript",Tech,51
VID018,Exist particular senior.,2025-02-05 16:01:23,3194,8910,694,45,424,"review,productivity,funny",Entertainment,72
VID019,Officer young next today.,2025-02-02 22:57:51,3011,45948,4423,427,937,"react,study",Lifestyle,34
VID020,Entire future case away.,2025-01-30 00:43:46,2814,12969,1137,84,164,"funny,tutorial,python,productivity,review",Lifestyle,71
VID021,Strong force.,2025-02-08 05:23:41,1975,10018,884,32,470,"react,productivity,coding",Gaming,70
VID022,Huge night difficult.,2025-04-10 18:03:09,1552,6458,271,4,293,"funny,travel,study,coding",Gaming,19
VID023,Red same set pressure.,2025-03-29 10:11:02,1652,26698,1994,103,909,"tutorial,coding",Lifestyle,20
VID024,Huge production current office.,2025-02-17 07:34:11,1065,20055,1675,103,912,"productivity,motivation,react,vlog,javascript",Entertainment,95
VID025,At finish chance.,2025-03-22 21:31:31,2619,36319,1531,135,1672,"funny,motivation,vlog",Entertainment,22
VID026,Great movement state.,2025-03-24 13:55:08,799,42459,3949,272,1514,"review,react",Lifestyle,85
VID027,Seem day tough natural.,2025-04-07 11:51:58,1446,21998,847,9,688,"react,motivation,study",Tech,43
VID028,Single right cover ball task.,2025-04-18 14:46:22,2638,13550,1021,25,375,"review,study,motivation",Tech,37
VID029,Military day necessary try assume.,2025-03-05 06:14:47,1532,43491,1918,62,453,"vlog,javascript,react",Tech,64
VID030,Travel tell measure.,2025-02-09 21:41:13,2702,38879,2902,80,1750,"travel,study,funny,review,tutorial",Vlogs,61
VID031,Must way interesting institution.,2025-01-27 16:44:46,3213,24366,1046,79,1070,"travel,productivity,python",Gaming,79
VID032,Position science.,2025-04-04 13:23:15,1482,47709,4261,89,829,"react,travel,review,javascript,motivation",Education,81
VID033,Pull thousand.,2025-04-06 10:56:28,3228,28340,1672,70,319,"python,productivity,travel",Gaming,42
VID034,Gun language even.,2025-02-23 03:26:33,1867,27979,1860,130,1109,"productivity,motivation,tutorial",Gaming,26
VID035,Store win chair break.,2025-03-11 10:05:54,1610,5652,420,26,104,"vlog,tutorial",Vlogs,87
VID036,White single economy.,2025-02-28 01:03:39,648,44208,2072,179,2098,"productivity,funny,javascript,travel",Tech,53
VID037,Instead bar fine.,2025-03-08 11:42:22,1154,33707,2393,235,589,"travel,motivation,coding",Gaming,27
VID038,Despite another.,2025-02-20 22:03:52,825,4714,411,12,200,"productivity,review,javascript,vlog",Lifestyle,9
VID039,Bank six mouth day.,2025-02-23 04:00:00,2813,17584,1230,87,187,"travel,review,funny",Lifestyle,98
VID040,Push recent loss.,2025-02-25 06:32:18,2049,43635,3890,186,737,"javascript,vlog,tutorial,python,productivity",Entertainment,74
VID041,Others give.,2025-04-15 02:49:58,357,42779,1913,133,1175,"python,review",Entertainment,89
VID042,Road spring improve interesting.,2025-04-17 21:28:01,621,18496,1460,74,806,"motivation,react,python",Tech,15
VID043,Real build two.,2025-02-19 00:39:20,725,39594,1802,102,1559,"tutorial,vlog,study",Gaming,54
VID044,Really east movement according bit.,2025-02-28 09:29:08,1377,46561,1786,74,1736,"travel,coding,motivation,funny,vlog",Vlogs,50
VID045,Word billion area area.,2025-02-01 04:50:38,2178,3370,273,22,167,"study,vlog,review",Tech,68
VID046,Court building.,2025-03-24 17:41:19,2526,47040,3014,292,775,"react,productivity,review,vlog,funny",Education,36
VID047,Deal college imagine somebody vote.,2025-03-06 13:20:51,1082,1063,49,3,39,"python,funny,travel",Gaming,17
VID048,Training last police eye.,2025-02-06 18:07:14,2494,45845,3449,269,1185,"coding,motivation,vlog",Lifestyle,74
VID049,Her determine culture.,2025-03-10 10:48:42,970,12357,478,41,226,"tutorial,react",Lifestyle,60
VID050,Take artist interest.,2025-02-10 12:20:06,2775,4423,139,3,132,"travel,funny,tutorial,javascript,vlog",Gaming,9
VID051,Through really player research.,2025-02-10 11:27:03,2727,17452,669,36,625,"productivity,study",Vlogs,10
VID052,Reflect glass seek.,2025-04-07 22:59:20,352,28857,1255,30,1359,"coding,python",Entertainment,89
VID053,Citizen treat among similar.,2025-04-16 08:33:41,456,39991,2094,67,492,"tutorial,python,productivity,motivation,funny",Tech,33
VID054,Woman agent reality budget throughout.,2025-02-23 23:20:27,2913,3038,246,8,61,"javascript,study,vlog",Vlogs,19
VID055,Lawyer traditional husband take as.,2025-03-24 05:29:07,1203,30675,2788,236,415,"coding,react,study,review,vlog",Education,57
VID056,Amount director care occur.,2025-01-26 17:02:30,1088,22892,1447,22,622,"study,vlog,coding,motivation,productivity",Vlogs,71
VID057,Ever treat research various.,2025-02-12 10:57:52,1825,24779,1543,82,1090,"javascript,motivation,coding,productivity",Tech,71
VID058,Agency partner quite staff.,2025-01-29 23:02:39,1587,35718,1972,167,939,"travel,javascript",Vlogs,1
VID059,Camera particularly right seek floor.,2025-02-23 19:07:29,2826,17372,907,84,187,"productivity,review,vlog,coding,travel",Lifestyle,70
VID060,Pattern over score way pass.,2025-04-14 09:53:04,1244,40739,3366,119,550,"study,vlog",Lifestyle,69
VID061,Appear sign true prepare.,2025-01-29 17:20:03,872,32357,2230,54,1170,"react,tutorial,coding,vlog",Gaming,49
VID062,Like product kitchen.,2025-01-30 16:47:06,1329,31267,2238,94,904,"react,python,study,travel",Vlogs,93
VID063,Piece party responsibility dog strong.,2025-04-21 19:22:04,3197,37624,2949,103,1447,"tutorial,travel,funny",Entertainment,54
VID064,Sit particular real.,2025-04-23 09:53:12,472,24729,1609,114,558,"javascript,review,python",Gaming,51
VID065,Good likely nearly type any.,2025-03-13 19:08:26,2251,36327,3551,144,628,"vlog,coding,productivity",Vlogs,72
VID066,Look experience.,2025-02-23 08:28:09,1273,33282,2343,68,938,"motivation,travel,react",Tech,42
VID067,Wife successful as.,2025-03-17 09:32:56,1730,42075,4112,230,1820,"react,review",Entertainment,37
VID068,Money window.,2025-03-09 01:30:11,3559,33220,2786,182,1211,"review,funny,react,motivation,tutorial",Entertainment,74
VID069,Cup different around worker major.,2025-03-21 19:41:37,792,24621,2405,156,790,"funny,motivation,review,javascript",Education,17
VID070,Sound south question.,2025-04-06 18:45:48,1018,35603,1451,108,756,"study,python,travel",Gaming,29
VID071,Pm likely prepare.,2025-03-18 22:09:01,1451,25751,1448,111,532,"python,tutorial,study,productivity,javascript",Education,79
VID072,Edge interesting.,2025-04-03 14:58:44,2930,8795,415,36,365,"review,motivation,vlog,javascript,python",Lifestyle,67
VID073,Role they go.,2025-04-25 22:13:19,1864,34129,1597,45,411,"coding,study,react,travel",Entertainment,63
VID074,Record successful will.,2025-03-06 01:34:45,2201,13423,704,30,224,"javascript,react",Education,50
VID075,View threat suddenly bed foreign.,2025-04-23 15:58:59,1081,9366,304,26,94,"motivation,funny,review,study,coding",Education,53
VID076,Bed must former yes.,2025-04-08 17:31:58,2657,46296,1445,67,2206,"travel,javascript,funny,motivation",Tech,19
VID077,Member bring plant.,2025-03-31 13:22:05,963,29295,1669,106,893,"study,coding,react",Tech,78
VID078,Agency key them Mrs center.,2025-04-03 07:17:47,877,1188,53,2,17,"study,javascript,review,react",Lifestyle,64
VID079,Any represent.,2025-02-12 22:20:02,205,10869,838,17,146,"javascript,python,react,productivity,tutorial",Tech,82
VID080,Thing front race fight politics.,2025-01-27 22:31:28,1520,1507,93,3,18,"travel,coding,motivation",Education,22
VID081,Agreement would they table.,2025-02-11 05:29:35,521,13609,1032,70,512,"vlog,react,productivity,coding,javascript",Vlogs,32
VID082,Image among that film sometimes.,2025-03-04 14:56:20,1866,42871,3965,72,1122,"funny,python,review",Entertainment,87
VID083,Late sign effect moment center.,2025-03-07 15:11:04,1338,22122,2141,97,1029,"python,javascript,travel,motivation",Entertainment,26
VID084,Human draw fine recognize under.,2025-03-01 10:40:14,2353,2107,147,3,34,"vlog,funny,review,tutorial,study",Lifestyle,19
VID085,Military second.,2025-03-21 03:05:41,279,30017,1768,77,1444,"python,vlog",Entertainment,88
VID086,Class feel ground.,2025-02-14 00:02:07,1756,47383,2906,256,1062,"review,react,coding,tutorial",Vlogs,70
VID087,Final him loss financial.,2025-04-07 12:53:27,2923,20992,1883,49,933,"motivation,react,funny,travel,tutorial",Tech,29
VID088,Current when machine difficult.,2025-03-31 04:30:14,2228,2565,166,4,48,"vlog,study,react,javascript,python",Lifestyle,60
VID089,Tree hard high high.,2025-03-27 02:46:09,1192,10134,586,24,108,"coding,vlog,review",Education,77
VID090,Spring dog.,2025-04-08 15:28:18,277,14686,1436,107,705,"travel,javascript",Tech,19
VID091,Rather lot.,2025-03-26 23:38:18,2506,4112,394,15,149,"travel,javascript,funny",Entertainment,11
VID092,Me serious.,2025-04-04 13:45:00,623,8782,763,12,321,"tutorial,review,react,study,travel",Gaming,100
VID093,Fall too ok nation western.,2025-04-10 15:41:44,1626,23672,774,25,705,"vlog,funny",Lifestyle,25
VID094,Guy early perform.,2025-02-02 22:16:15,742,8780,369,16,287,"productivity,coding",Tech,80
VID095,Smile dark almost clear might.,2025-02-28 22:19:48,3468,48441,3454,188,2200,"coding,javascript,travel,motivation",Education,85
VID096,Low dog.,2025-04-20 19:39:17,2241,20527,1470,87,707,"study,review,react,motivation,python",Tech,24
VID097,Half poor.,2025-03-01 19:36:45,2895,47933,3642,208,1565,"motivation,review,study,tutorial,vlog",Entertainment,64
VID098,Right mention deal.,2025-04-10 15:19:44,2513,15298,1251,119,392,"vlog,travel,react",Entertainment,89
VID099,Address three product even early.,2025-03-05 21:29:59,2354,35694,3031,82,393,"travel,productivity,tutorial,vlog",Vlogs,48
VID100,Account situation team.,2025-03-16 20:09:11,2493,898,38,3,14,"react,review,vlog,javascript,motivation",Entertainment,11
VID101,Dark fill.,2025-03-05 19:01:00,3268,37112,1950,141,1582,"productivity,review,tutorial,travel,react",Entertainment,37
VID102,Edge pressure usually.,2025-02-09 02:59:47,2798,13061,715,65,208,"coding,study,vlog,react",Tech,81
VID103,Mind court course bag may.,2025-04-09 20:53:23,3085,20062,1115,63,549,"vlog,coding,productivity,react",Education,57
VID104,Maybe charge head leave.,2025-02-05 23:54:59,2192,5477,419,39,251,"funny,javascript,coding,review",Gaming,5
VID105,Build always discussion.,2025-02-16 18:57:41,1877,14434,983,72,651,"productivity,study,review",Education,4
VID106,Method common door certain.,2025-03-07 04:58:44,2899,18177,1596,52,627,"python,vlog,funny",Education,11
VID107,Behavior well.,2025-04-11 08:21:41,2835,11195,580,14,439,"motivation,javascript,vlog",Gaming,49
VID108,Really campaign choose number.,2025-03-03 23:21:18,1212,1098,104,6,48,"funny,productivity,tutorial",Entertainment,95
VID109,Quite partner into.,2025-03-12 11:34:23,2562,37284,3084,43,1092,"react,coding,study,javascript",Gaming,53
VID110,Century learn.,2025-02-23 17:42:50,1796,10215,999,66,506,"productivity,tutorial,funny",Tech,96
VID111,There officer dream agreement catch.,2025-04-01 08:11:17,752,14505,634,19,243,"tutorial,travel",Entertainment,96
VID112,Rate such know.,2025-04-03 18:11:29,3118,40439,2581,156,970,"vlog,productivity,travel,study",Entertainment,78
VID113,Hundred in blood.,2025-03-17 06:19:52,252,11196,646,61,173,"productivity,study",Vlogs,65
VID114,Strategy specific against.,2025-03-30 21:52:23,3089,6466,478,28,170,"funny,study,travel",Gaming,73
VID115,Capital present.,2025-02-27 16:28:57,655,38633,2906,282,1031,"study,travel,python,motivation",Lifestyle,57
VID116,Appear season clearly decide.,2025-02-27 08:05:28,611,19152,1720,105,348,"review,coding,productivity,python,tutorial",Lifestyle,54
VID117,House myself part.,2025-02-07 21:04:02,2609,37564,2865,265,933,"productivity,study",Tech,19
VID118,Situation fire sure can report.,2025-04-01 04:38:11,2102,32522,2535,48,821,"javascript,coding",Entertainment,55
VID119,Still reveal drug.,2025-02-21 21:01:52,286,10565,413,19,408,"travel,javascript,motivation",Vlogs,13
VID120,Score my study meeting message.,2025-02-04 12:53:53,2323,27470,1163,80,959,"react,motivation",Gaming,77
VID121,Hospital which participant.,2025-02-12 21:03:25,2394,17480,951,57,511,"study,review",Gaming,29
VID122,Even pull.,2025-03-21 20:06:12,2428,18201,1182,82,760,"python,vlog,tutorial,javascript",Entertainment,19
VID123,Industry kitchen board.,2025-04-20 22:29:02,772,20519,663,41,225,"travel,vlog",Gaming,98
VID124,Color draw hospital quite increase.,2025-01-27 21:59:55,981,32489,2080,178,356,"react,travel,funny,tutorial",Vlogs,92
VID125,Country music.,2025-02-10 17:52:06,2810,21315,1772,88,772,"review,react,productivity,motivation,vlog",Gaming,18
VID126,Stop national.,2025-04-14 21:58:04,2402,7390,454,15,89,"react,python,tutorial,funny",Vlogs,82
VID127,End west one analysis.,2025-04-02 09:18:13,3212,44167,3131,206,561,"productivity,motivation,study,coding,travel",Tech,98
VID128,Without question dinner ball father.,2025-04-15 01:23:25,1273,45585,2046,73,1166,"coding,review,travel",Tech,3
VID129,At scene dark hour.,2025-02-21 13:46:41,3312,49822,4346,346,2387,"python,travel",Vlogs,34
VID130,Over investment mind.,2025-04-22 19:12:17,2984,3194,150,5,69,"python,productivity",Entertainment,90
VID131,Fine everybody growth build ever.,2025-04-05 13:49:54,2590,35677,2932,128,680,"python,funny,coding",Gaming,86
VID132,Event growth citizen power because.,2025-04-18 23:26:53,2286,29985,2426,199,408,"study,funny",Entertainment,30
VID133,Require clear employee that.,2025-02-11 12:23:26,1131,19291,889,59,880,"coding,study",Vlogs,94
VID134,Last way hair radio.,2025-03-07 13:35:45,1830,22061,1976,116,807,"review,motivation,vlog,travel",Entertainment,31
VID135,Arm important college its.,2025-03-08 02:02:40,1217,44577,2147,122,473,"react,python",Vlogs,42
VID136,Current stuff.,2025-02-23 17:24:36,1501,5781,380,22,167,"python,study,funny,vlog,review",Entertainment,23
VID137,Industry entire material.,2025-02-07 22:16:56,1874,12787,607,42,254,"react,motivation,review,python",Tech,32
VID138,Above arm career option.,2025-02-20 09:59:40,3302,9872,504,6,307,"travel,study",Entertainment,35
VID139,Suggest wall consumer.,2025-03-07 01:01:14,1927,17236,626,33,812,"productivity,funny,coding",Entertainment,40
VID140,Later culture write.,2025-03-25 11:51:51,1864,49307,2829,100,1328,"tutorial,productivity,javascript,review",Education,61
VID141,Entire remember guess argue cold.,2025-04-21 07:52:54,1139,9964,841,36,177,"javascript,python",Lifestyle,42
VID142,Weight trial treat majority.,2025-02-09 21:20:18,758,14954,1207,58,336,"vlog,productivity,javascript,review",Tech,55
VID143,Career much pull.,2025-04-14 15:53:19,363,39569,3281,200,1474,"javascript,tutorial,python",Vlogs,56
VID144,Organization his local visit.,2025-03-04 17:55:09,3403,43632,2045,176,571,"vlog,react",Tech,47
VID145,Speak always.,2025-03-28 01:15:55,3539,21863,1072,99,1049,"react,review,javascript,tutorial",Entertainment,89
VID146,International measure.,2025-02-14 06:35:10,1214,35097,2149,134,535,"python,react,tutorial",Lifestyle,71
VID147,Trouble production.,2025-02-01 19:14:29,2508,49814,1611,66,2001,"tutorial,python,review",Education,2
VID148,Memory stock assume speech body.,2025-03-08 10:02:37,1290,675,24,1,22,"productivity,react,coding,vlog,travel",Entertainment,17
VID149,Case pattern you bill.,2025-03-23 08:27:13,1785,24850,1735,88,1046,"javascript,funny",Lifestyle,18
VID150,Several my culture build.,2025-04-13 12:09:44,3407,44895,1515,62,699,"travel,react,python,tutorial",Education,58
